"Country","Count.Var1","Count.Freq","CharacterCode","Code"
"AASIASSA","Aasiassa",1,"XX",-1
"AFGHANISTAN","Afghanistan",1,"AF",1
"AFRICA","Africa",2,"TD",34
"ALBANIA","Albania",3,"CO",2
"ALGERIE","Algerie",1,"DZ",3
"AMERICA","america",1,"US",64
"ANGOLA","Angola",1,"AO",5
"ARGENTINA","argentina",2,"AR",7
"ARGENTINA","Argentina",2,"AR",7
"ARGENTINE","Argentine",1,"AR",7
"ASIA","Asia",1,"RU",143
"AUSTRALIA","Australia",1,"AU",9
"AUSTRIA","Austria",1,"AT",10
"AZERBAYJAN","Azerbayjan",1,"AZ",11
"BANGLADESH","Bangladesh",7,"KE",14
"BELARUS","Belarus",1,"BY",16
"BELGICA","Bélgica",1,"BE",17
"BELGIUM","Belgium",2,"BE",17
"BOLIVIA","Bolivia",3,"BO",21
"BOLIVIA","BOLIVIA",1,"BO",21
"BOSNIA","bosnia",1,"BA",22
"BOSNIA","Bosnia",1,"BA",22
"BOSNIA AND HERZEGOVINA","Bosnia and Herzegovina",1,"BA",22
"BRASIL","Brasil",5,"BR",24
"BRAZIL","Brazil",4,"BR",24
"BRITAIN","Britain",2,"GB",186
"BULGARIA","Bulgaria",1,"BG",26
"CALCUTTA INDIA","Calcutta india",1,"IN",78
"CAMBODIA","cambodia",1,"KH",30
"CAMEROUN","Cameroun",1,"CM",31
"CANADA","Canada",4,"CA",32
"CARRIBEAN","carribean",1,"IN",78
"CHILE","chile",2,"CL",35
"CHILE","Chile",5,"CL",35
"CHINA","china",3,"CN",36
"CHINA","China",22,"CN",36
"CIOACIA","Cioacia",1,"XX",-1
"COLOMBIA","colombia",1,"CO",2
"COLOMBIA","Colombia",3,"CO",2
"COLOMBIAN","Colombian",1,"AU",9
"CONGO KINSHASA","Congo Kinshasa",1,"CD",39
"COSTA RICA","Costa Rica",1,"CR",40
"CROATIA","croatia",1,"HR",42
"CUBA","cuba",1,"CU",43
"CUBA","Cuba",5,"CU",43
"CYPRUS","Cyprus",4,"CY",44
"CZECH REPUBLIC","czech republic",1,"CZ",45
"CZECH REPUBLIC","Czech Republic",1,"CZ",45
"CZECHOSLOVAK SOCIALIST REPUBLIC","czechoslovak socialist republic",1,"XX",-1
"DANMARK","Danmark",2,"DK",46
"DENMARK","Denmark",2,"DK",46
"DOMINICAN REPUBLIC","Dominican Republic",1,"DO",49
"DOMINIKANSKE REPUBLIKK","Dominikanske Republikk",1,"DO",49
"ECUADOR","Ecuador",1,"EC",51
"EGYPT","Egypt",7,"EG",52
"ENGLAND","england",4,"GB",186
"ENGLAND","England",26,"GB",186
"ENGLAND","ENGLAND",1,"GB",186
"ESPANA","españa",1,"ES",6
"ESPANA","España",2,"ES",6
"ESTADOS UNIDOS","Estados Unidos",1,"US",64
"ETIOPIA","Etiopia",1,"ET",58
"EUROPE","europe",1,"DE",65
"EUROPE","Europe",1,"DE",65
"EX JUGOSLAVIA","Ex jugoslavia",1,"XX",-1
"FIJI","Fiji",2,"FJ",59
"FILIPINENE","filipinene",1,"XX",-1
"FILIPINENE","Filipinene",1,"XX",-1
"FILIPPINENE","Filippinene",3,"PH",138
"FINLAND","Finland",4,"FI",60
"FORETREKKER IKKE A SVARE","foretrekker ikke å svare",1,"XX",-1
"FRANCE","france",1,"FR",61
"FRANCE","France",7,"FR",61
"FRANCE","FRANCE",1,"FR",61
"FRANCIA","Francia",1,"FR",61
"FRANKRIKE","Frankrike",1,"FR",61
"GERMANY","germany",1,"DE",65
"GERMANY","Germany",9,"DE",65
"GERMANY (MILITARY)","Germany (military)",1,"XX",-1
"GERMANY (PARENT ACTIVE DUTY MILITARY)","Germany (parent active duty military)",1,"XX",-1
"GHANA","ghana",1,"GH",66
"GHANA","Ghana",5,"GH",66
"GUATEMALA","Guatemala",4,"GT",69
"GUYANA","Guyana",1,"GY",72
"HAITI","Haiti",2,"HT",73
"HELLAS","Hellas",1,"GR",-1
"HK","hk",1,"CN",36
"HONG KONG","hong kong",3,"CN",36
"HONG KONG","Hong Kong",21,"CN",36
"HONG KONG","HONG KONG",1,"CN",36
"HONG KONG, CHINA","Hong Kong, China",1,"CN",36
"HUNGARY","Hungary",1,"HU",76
"INDIA","india",5,"IN",78
"INDIA","India",58,"IN",78
"INDIA","INDIA",1,"IN",78
"INDIAN","Indian",1,"US",64
"INDONESIA","Indonesia",3,"ID",79
"IRAN","Iran",5,"IR",80
"IRAQ","Iraq",4,"IQ",81
"IRELAND","ireland",1,"IE",82
"IRELAND","Ireland",2,"IE",82
"ISLAND","Island",1,"IS",77
"ISRAEL","Israel",2,"IL",83
"ITALIA","Italia",1,"IT",84
"ITALY","italy",3,"IT",84
"ITALY","Italy",8,"IT",84
"JAMAICA","Jamaica",1,"JM",85
"JAPAN","japan",1,"JP",86
"JAPAN","Japan",5,"JP",86
"JORDAN","Jordan",1,"US",64
"KAZAKHSTAN","Kazakhstan",1,"KZ",88
"KENYA","Kenya",2,"KE",14
"KIINA","Kiina",1,"CN",36
"KINA","Kina",1,"CN",36
"KOREA","korea",1,"KR",161
"KOREA","Korea",5,"KR",161
"KOSOVO","Kosovo",1,"XK",-1
"KSA","KSA",1,"CA",32
"LATVIA","Latvia",7,"LV",94
"LEBANON","Lebanon",1,"US",64
"LIBAN","Liban",1,"LB",-1
"LITAUEN","Litauen",2,"LT",100
"LITHUANIA","Lithuania",2,"LT",100
"MACEDONIA","Macedonia",1,"US",64
"MALAYSIA","malaysia",1,"MY",104
"MALAYSIA","Malaysia",5,"MY",104
"MALAYSIA","MALAYSIA",1,"MY",104
"MALTA","Malta",2,"MT",107
"MAURITIUS","Mauritius",2,"MU",110
"MEXICO","Mexico",3,"MX",111
"MEXICO","MEXICO",1,"MX",111
"MOROCCO","Morocco",1,"MA",117
"NEDERLAND","nederland",2,"NL",123
"NEDERLAND","Nederland",4,"NL",123
"NEPAL","nepal",1,"NP",122
"NEPAL","Nepal",10,"NP",122
"NETHERLANDS","Netherlands",5,"NL",123
"NEUVOSTOLIITTO","Neuvostoliitto",1,"XX",-1
"NEW ZEALAND","new zealand",2,"NZ",124
"NEW ZEALAND","New zealand",3,"NZ",124
"NEW ZEALAND","New Zealand",16,"NZ",124
"NIGERIA","nigeria",1,"NG",127
"NIGERIA","Nigeria",16,"NG",127
"PAKISTAN","pakistan",2,"PK",132
"PAKISTAN","Pakistan",22,"PK",132
"PAKOSTAN","Pakostan",1,"XX",-1
"PALESTINE","Palestine",1,"US",64
"PAPUA NEW GUINEA","Papua New Guinea",1,"PG",135
"PARAGUAY","paraguay",1,"PY",136
"PARAGUAY","Paraguay",5,"PY",136
"PAYS-BAS","Pays-Bas",1,"NL",123
"PEROU","Pérou",1,"PE",137
"PERU","peru",1,"PE",137
"PERU","Peru",3,"PE",137
"PERU","PERU",1,"PE",137
"PERU","Perú",1,"PE",137
"PHILIPPINES","philippines",1,"PH",138
"PHILIPPINES","Philippines",30,"PH",138
"PHILIPPINES","PHILIPPINES",2,"PH",138
"POLAND","poland",1,"PL",139
"POLAND","Poland",11,"PL",139
"POLAND","POLAND",1,"PL",139
"POLEN","Polen",8,"PL",139
"POLSKA","Polska",2,"PL",139
"PORTUGAL","portugal",1,"PT",140
"PORTUGAL","Portugal",3,"PT",140
"PORTUGAL","PORTUGAL",1,"PT",140
"PUOLA","Puola",1,"PL",139
"ROMANIA","romania",2,"RO",142
"ROMANIA","Romania",4,"RO",142
"ROUMANIE","Roumanie",1,"RO",142
"ROYAUME-UNI","Royaume-Uni",1,"GB",186
"RUOTSI","Ruotsi",8,"SE",169
"RUOTSISSA","ruotsissa",1,"XX",-1
"RUOTSISSA","Ruotsissa",3,"XX",-1
"RUSSIA","Russia",9,"RU",143
"RUSSLAND","Russland",8,"RU",143
"SAUDI ARABIA","Saudi Arabia",1,"SA",150
"SCOTLAND","scotland",1,"GB",186
"SCOTLAND","Scotland",4,"GB",186
"SENEGAL","senegal",1,"SN",151
"SERBIA","Serbia",3,"RS",152
"SERBIA","SERBIA",1,"RS",152
"SIERRA LEONE","Sierra Leone",1,"SL",154
"SINGAPORE","singapore",3,"SG",155
"SINGAPORE","Singapore",5,"SG",155
"SINGAPORE","SINGAPORE",1,"SG",155
"SLOVAKIA","Slovakia",1,"SK",156
"SLOVAKIA","SLOVAKIA",1,"SK",156
"SLOVENIA","Slovenia",1,"SI",157
"SOLEIL ULTRA CIBLE","Soleil ultra cible",1,"XX",-1
"SOMALIA","Somalia",1,"SO",159
"SOR KOREA","Sør Korea",1,"KR",161
"SOR-AFRIKA","Sør-Afrika",1,"ZA",160
"SOUTH AFRICA","south africa",1,"ZA",160
"SOUTH AFRICA","South africa",2,"ZA",160
"SOUTH AFRICA","South Africa",9,"ZA",160
"SOUTH KOREA","South korea",1,"KR",161
"SOUTH KOREA","South Korea",1,"KR",161
"SPANIA","Spania",1,"ES",6
"SRI LANKA","Sri Lanka",5,"LK",164
"SRI LNAKA","Sri lnaka",1,"XX",-1
"SRILANKA","Srilanka",1,"LK",164
"SRILANKA","SriLanka",1,"LK",164
"STORBRITANNIA","Storbritannia",1,"GB",186
"STORBRITTANIA","Storbrittania",1,"XX",-1
"SUOMI","suomi",1,"FI",60
"SVERIGE","sverige",1,"SE",169
"SVERIGE","Sverige",6,"SE",169
"SWAZILAND","Swaziland",1,"SZ",57
"SWEDEN","sweden",1,"SE",169
"SWEDEN","Sweden",1,"SE",169
"SWITZERLAND","Switzerland",2,"CH",170
"SYRIA","Syria",1,"SY",171
"TAIWAN","taiwan",1,"TW",-1
"TAIWAN","Taiwan",2,"TW",-1
"TANZANIA","tanzania",1,"TZ",173
"TANZANIA","Tanzania",5,"TZ",173
"THAILAND","Thailand",2,"PH",138
"THE NETHERLANDS","The Netherlands",1,"NL",123
"THE PHILIPPINES","The Philippines",2,"PH",138
"TRINIDAD AND TOBAGO","Trinidad and Tobago",1,"TT",178
"TSJEKKIA","Tsjekkia",2,"CZ",45
"TURKEY","Turkey",1,"TR",180
"TYRKIA","Tyrkia",3,"TR",180
"TYSKLAND","Tyskland",1,"DE",65
"UAE","uae",1,"AE",185
"UAE","UAE",1,"AE",185
"UGANDA","Uganda",3,"UG",183
"UK","uk",2,"CF",33
"UK","Uk",3,"CF",33
"UK","UK",2,"CF",33
"UKRAIN","Ukrain",1,"UA",184
"UKRAINA","Ukraina",1,"PL",139
"UKRAINASSA","Ukrainassa",1,"XX",-1
"UKRAINE","Ukraine",8,"UA",184
"UNITED ARAB EMIRATES","United arab emirates",1,"AE",185
"UNITED KINGDOM","United Kingdom",11,"GB",186
"UNITED STATES","United States",1,"US",64
"UNITED STATES","UNITED STATES",1,"US",64
"UNITED STATES OF AMERICA","United States of America",1,"US",64
"URUGUAY","Uruguay",3,"UY",188
"USA","usa",1,"US",64
"USA","Usa",1,"US",64
"USA","USA",11,"US",64
"USSR","ussr",1,"CN",36
"USSR","USSR",1,"CN",36
"UZBEKISTAN","Uzbekistan",1,"UZ",189
"VENAJA","venäjä",1,"RU",143
"VENAJA","Venäjä",3,"RU",143
"VENAJA (INKERINMAA)","Venäjä (Inkerinmaa)",1,"XX",-1
"VENAJAN KARJALASSA","Venäjän Karjalassa",1,"XX",-1
"VENEZUELA","venezuela",2,"VE",191
"VENEZUELA","Venezuela",11,"VE",191
"VENEZUELA","VENEZUELA",2,"VE",191
"VIET NAM","Viet Nam",1,"VN",192
"VIETNAM","vietnam",2,"VN",192
"VIETNAM","Vietnam",6,"VN",192
"VIETNANM","Vietnanm",1,"XX",-1
"VIL IKKE","Vil ikke",1,"XX",-1
"VIRO","Viro",4,"EE",56
"WALES","Wales",1,"GB",186
"YHDYSVALLOISSA","Yhdysvalloissa",1,"XX",-1
"ZAMBIA","Zambia",1,"ZM",194
"ZIMBABWE","zimbabwe",3,"ZW",195
"ZIMBABWE","Zimbabwe",4,"ZW",195
